"","permutation","a","b","c","d","tau","r_lower","r_upper","intervention"
"1","1",0,724,12,62544,0,0,100,"Intervention"
"2","2",0,774,12,62544,0,0,100,"Intervention"
"3","3",0,804,12,62544,0,0,100,"Intervention"
"4","4",0,782,12,62544,0,0,100,"Intervention"
"5","5",0,668,12,62544,0,0,100,"Intervention"
"6","6",0,780,12,62544,0,0,100,"Intervention"
"7","7",0,734,12,62544,0,0,100,"Intervention"
"8","8",0,734,12,62544,0,0,100,"Intervention"
"9","9",0,762,12,62544,0,0,100,"Intervention"
"10","10",0,776,12,62544,0,0,100,"Intervention"
"11","11",0,700,12,62544,0,0,100,"Intervention"
"12","12",0,768,12,62544,0,0,100,"Intervention"
"13","13",2,762,12,62544,13.6797900262467,0,100,"Intervention"
"14","14",0,692,12,62544,0,0,100,"Intervention"
"15","15",0,732,12,62544,0,0,100,"Intervention"
"16","16",0,754,12,62544,0,0,100,"Intervention"
"17","17",0,808,12,62544,0,0,100,"Intervention"
"18","18",0,774,12,62544,0,0,100,"Intervention"
"19","19",2,672,12,62544,15.5119047619048,0,100,"Intervention"
"20","20",0,704,12,62544,0,0,100,"Intervention"
"21","21",0,732,12,62544,0,0,100,"Intervention"
"22","22",0,724,12,62544,0,0,100,"Intervention"
"23","23",0,758,12,62544,0,0,100,"Intervention"
"24","24",0,790,12,62544,0,0,100,"Intervention"
"25","25",0,724,12,62544,0,0,100,"Intervention"
"26","26",0,768,12,62544,0,0,100,"Intervention"
"27","27",0,710,12,62544,0,0,100,"Intervention"
"28","28",0,738,12,62544,0,0,100,"Intervention"
"29","29",0,740,12,62544,0,0,100,"Intervention"
"30","30",0,780,12,62544,0,0,100,"Intervention"
"31","31",0,798,12,62544,0,0,100,"Intervention"
"32","32",0,738,12,62544,0,0,100,"Intervention"
"33","33",0,750,12,62544,0,0,100,"Intervention"
"34","34",0,770,12,62544,0,0,100,"Intervention"
"35","35",0,772,12,62544,0,0,100,"Intervention"
"36","36",0,730,12,62544,0,0,100,"Intervention"
"37","37",0,738,12,62544,0,0,100,"Intervention"
"38","38",0,810,12,62544,0,0,100,"Intervention"
"39","39",0,690,12,62544,0,0,100,"Intervention"
"40","40",0,716,12,62544,0,0,100,"Intervention"
"41","41",0,714,12,62544,0,0,100,"Intervention"
"42","42",0,698,12,62544,0,0,100,"Intervention"
"43","43",0,768,12,62544,0,0,100,"Intervention"
"44","44",0,716,12,62544,0,0,100,"Intervention"
"45","45",0,820,12,62544,0,0,100,"Intervention"
"46","46",0,758,12,62544,0,0,100,"Intervention"
"47","47",0,780,12,62544,0,0,100,"Intervention"
"48","48",0,746,12,62544,0,0,100,"Intervention"
"49","49",0,784,12,62544,0,0,100,"Intervention"
"50","50",0,762,12,62544,0,0,100,"Intervention"
"51","51",0,800,12,62544,0,0,100,"Intervention"
"52","52",2,828,12,62544,12.5893719806763,0,100,"Intervention"
"53","53",0,742,12,62544,0,0,100,"Intervention"
"54","54",0,728,12,62544,0,0,100,"Intervention"
"55","55",0,710,12,62544,0,0,100,"Intervention"
"56","56",0,738,12,62544,0,0,100,"Intervention"
"57","57",0,756,12,62544,0,0,100,"Intervention"
"58","58",0,772,12,62544,0,0,100,"Intervention"
"59","59",0,736,12,62544,0,0,100,"Intervention"
"60","60",0,738,12,62544,0,0,100,"Intervention"
"61","61",0,808,12,62544,0,0,100,"Intervention"
"62","62",0,696,12,62544,0,0,100,"Intervention"
"63","63",0,762,12,62544,0,0,100,"Intervention"
"64","64",0,732,12,62544,0,0,100,"Intervention"
"65","65",0,794,12,62544,0,0,100,"Intervention"
"66","66",2,702,12,62544,14.8490028490029,0,100,"Intervention"
"67","67",0,662,12,62544,0,0,100,"Intervention"
"68","68",0,794,12,62544,0,0,100,"Intervention"
"69","69",0,760,12,62544,0,0,100,"Intervention"
"70","70",0,740,12,62544,0,0,100,"Intervention"
"71","71",0,714,12,62544,0,0,100,"Intervention"
"72","72",0,714,12,62544,0,0,100,"Intervention"
"73","73",0,732,12,62544,0,0,100,"Intervention"
"74","74",0,744,12,62544,0,0,100,"Intervention"
"75","75",0,758,12,62544,0,0,100,"Intervention"
"76","76",0,730,12,62544,0,0,100,"Intervention"
"77","77",0,808,12,62544,0,0,100,"Intervention"
"78","78",0,774,12,62544,0,0,100,"Intervention"
"79","79",0,774,12,62544,0,0,100,"Intervention"
"80","80",0,822,12,62544,0,0,100,"Intervention"
"81","81",0,790,12,62544,0,0,100,"Intervention"
"82","82",0,790,12,62544,0,0,100,"Intervention"
"83","83",0,692,12,62544,0,0,100,"Intervention"
"84","84",0,736,12,62544,0,0,100,"Intervention"
"85","85",2,778,12,62544,13.3984575835476,0,100,"Intervention"
"86","86",0,674,12,62544,0,0,100,"Intervention"
"87","87",0,718,12,62544,0,0,100,"Intervention"
"88","88",0,758,12,62544,0,0,100,"Intervention"
"89","89",0,750,12,62544,0,0,100,"Intervention"
"90","90",0,794,12,62544,0,0,100,"Intervention"
"91","91",0,724,12,62544,0,0,100,"Intervention"
"92","92",0,712,12,62544,0,0,100,"Intervention"
"93","93",0,712,12,62544,0,0,100,"Intervention"
"94","94",0,698,12,62544,0,0,100,"Intervention"
"95","95",0,740,12,62544,0,0,100,"Intervention"
"96","96",0,728,12,62544,0,0,100,"Intervention"
"97","97",0,738,12,62544,0,0,100,"Intervention"
"98","98",0,706,12,62544,0,0,100,"Intervention"
"99","99",2,856,12,62544,12.1775700934579,0,100,"Intervention"
"100","100",0,752,12,62544,0,0,100,"Intervention"
"101","101",0,792,12,62544,0,0,100,"Intervention"
"102","102",0,728,12,62544,0,0,100,"Intervention"
"103","103",0,700,12,62544,0,0,100,"Intervention"
"104","104",0,820,12,62544,0,0,100,"Intervention"
"105","105",0,750,12,62544,0,0,100,"Intervention"
"106","106",0,680,12,62544,0,0,100,"Intervention"
"107","107",0,774,12,62544,0,0,100,"Intervention"
"108","108",0,658,12,62544,0,0,100,"Intervention"
"109","109",0,824,12,62544,0,0,100,"Intervention"
"110","110",0,762,12,62544,0,0,100,"Intervention"
"111","111",0,708,12,62544,0,0,100,"Intervention"
"112","112",0,810,12,62544,0,0,100,"Intervention"
"113","113",0,742,12,62544,0,0,100,"Intervention"
"114","114",0,740,12,62544,0,0,100,"Intervention"
"115","115",0,756,12,62544,0,0,100,"Intervention"
"116","116",0,748,12,62544,0,0,100,"Intervention"
"117","117",0,762,12,62544,0,0,100,"Intervention"
"118","118",0,670,12,62544,0,0,100,"Intervention"
"119","119",0,800,12,62544,0,0,100,"Intervention"
"120","120",0,772,12,62544,0,0,100,"Intervention"
"121","121",2,726,12,62544,14.3581267217631,0,100,"Intervention"
"122","122",2,736,12,62544,14.1630434782609,0,100,"Intervention"
"123","123",0,770,12,62544,0,0,100,"Intervention"
"124","124",0,740,12,62544,0,0,100,"Intervention"
"125","125",0,690,12,62544,0,0,100,"Intervention"
"126","126",0,706,12,62544,0,0,100,"Intervention"
"127","127",0,706,12,62544,0,0,100,"Intervention"
"128","128",0,660,12,62544,0,0,100,"Intervention"
"129","129",0,726,12,62544,0,0,100,"Intervention"
"130","130",0,736,12,62544,0,0,100,"Intervention"
"131","131",0,752,12,62544,0,0,100,"Intervention"
"132","132",0,788,12,62544,0,0,100,"Intervention"
"133","133",0,710,12,62544,0,0,100,"Intervention"
"134","134",0,798,12,62544,0,0,100,"Intervention"
"135","135",0,784,12,62544,0,0,100,"Intervention"
"136","136",0,716,12,62544,0,0,100,"Intervention"
"137","137",0,726,12,62544,0,0,100,"Intervention"
"138","138",0,852,12,62544,0,0,100,"Intervention"
"139","139",0,748,12,62544,0,0,100,"Intervention"
"140","140",0,812,12,62544,0,0,100,"Intervention"
"141","141",0,814,12,62544,0,0,100,"Intervention"
"142","142",2,734,12,62544,14.2016348773842,0,100,"Intervention"
"143","143",0,746,12,62544,0,0,100,"Intervention"
"144","144",0,794,12,62544,0,0,100,"Intervention"
"145","145",0,680,12,62544,0,0,100,"Intervention"
"146","146",0,734,12,62544,0,0,100,"Intervention"
"147","147",0,772,12,62544,0,0,100,"Intervention"
"148","148",0,660,12,62544,0,0,100,"Intervention"
"149","149",0,754,12,62544,0,0,100,"Intervention"
"150","150",0,794,12,62544,0,0,100,"Intervention"
"151","151",0,770,12,62544,0,0,100,"Intervention"
"152","152",0,790,12,62544,0,0,100,"Intervention"
"153","153",0,672,12,62544,0,0,100,"Intervention"
"154","154",0,722,12,62544,0,0,100,"Intervention"
"155","155",0,722,12,62544,0,0,100,"Intervention"
"156","156",0,736,12,62544,0,0,100,"Intervention"
"157","157",0,728,12,62544,0,0,100,"Intervention"
"158","158",0,802,12,62544,0,0,100,"Intervention"
"159","159",0,788,12,62544,0,0,100,"Intervention"
"160","160",0,746,12,62544,0,0,100,"Intervention"
"161","161",0,710,12,62544,0,0,100,"Intervention"
"162","162",0,826,12,62544,0,0,100,"Intervention"
"163","163",0,742,12,62544,0,0,100,"Intervention"
"164","164",0,700,12,62544,0,0,100,"Intervention"
"165","165",0,742,12,62544,0,0,100,"Intervention"
"166","166",0,776,12,62544,0,0,100,"Intervention"
"167","167",0,738,12,62544,0,0,100,"Intervention"
"168","168",0,774,12,62544,0,0,100,"Intervention"
"169","169",0,780,12,62544,0,0,100,"Intervention"
"170","170",0,804,12,62544,0,0,100,"Intervention"
"171","171",0,782,12,62544,0,0,100,"Intervention"
"172","172",0,748,12,62544,0,0,100,"Intervention"
"173","173",0,770,12,62544,0,0,100,"Intervention"
"174","174",2,706,12,62544,14.7648725212465,0,100,"Intervention"
"175","175",0,754,12,62544,0,0,100,"Intervention"
"176","176",0,726,12,62544,0,0,100,"Intervention"
"177","177",0,720,12,62544,0,0,100,"Intervention"
"178","178",0,746,12,62544,0,0,100,"Intervention"
"179","179",0,736,12,62544,0,0,100,"Intervention"
"180","180",0,720,12,62544,0,0,100,"Intervention"
"181","181",0,778,12,62544,0,0,100,"Intervention"
"182","182",0,768,12,62544,0,0,100,"Intervention"
"183","183",0,724,12,62544,0,0,100,"Intervention"
"184","184",0,806,12,62544,0,0,100,"Intervention"
"185","185",0,730,12,62544,0,0,100,"Intervention"
"186","186",0,822,12,62544,0,0,100,"Intervention"
"187","187",0,722,12,62544,0,0,100,"Intervention"
"188","188",0,744,12,62544,0,0,100,"Intervention"
"189","189",0,766,12,62544,0,0,100,"Intervention"
"190","190",0,702,12,62544,0,0,100,"Intervention"
"191","191",2,762,12,62544,13.6797900262467,0,100,"Intervention"
"192","192",0,728,12,62544,0,0,100,"Intervention"
"193","193",0,746,12,62544,0,0,100,"Intervention"
"194","194",0,766,12,62544,0,0,100,"Intervention"
"195","195",0,664,12,62544,0,0,100,"Intervention"
"196","196",0,682,12,62544,0,0,100,"Intervention"
"197","197",0,852,12,62544,0,0,100,"Intervention"
"198","198",0,758,12,62544,0,0,100,"Intervention"
"199","199",0,788,12,62544,0,0,100,"Intervention"
"200","200",2,716,12,62544,14.5586592178771,0,100,"Intervention"
"201","201",0,768,12,62544,0,0,100,"Intervention"
"202","202",2,636,12,62544,16.3899371069182,0,100,"Intervention"
"203","203",0,776,12,62544,0,0,100,"Intervention"
"204","204",0,752,12,62544,0,0,100,"Intervention"
"205","205",0,702,12,62544,0,0,100,"Intervention"
"206","206",0,740,12,62544,0,0,100,"Intervention"
"207","207",0,752,12,62544,0,0,100,"Intervention"
"208","208",0,734,12,62544,0,0,100,"Intervention"
"209","209",0,756,12,62544,0,0,100,"Intervention"
"210","210",0,748,12,62544,0,0,100,"Intervention"
"211","211",2,768,12,62544,13.5729166666667,0,100,"Intervention"
"212","212",0,738,12,62544,0,0,100,"Intervention"
"213","213",0,700,12,62544,0,0,100,"Intervention"
"214","214",2,800,12,62544,13.03,0,100,"Intervention"
"215","215",0,710,12,62544,0,0,100,"Intervention"
"216","216",0,774,12,62544,0,0,100,"Intervention"
"217","217",2,738,12,62544,14.1246612466125,0,100,"Intervention"
"218","218",0,736,12,62544,0,0,100,"Intervention"
"219","219",2,786,12,62544,13.2620865139949,0,100,"Intervention"
"220","220",0,794,12,62544,0,0,100,"Intervention"
"221","221",0,774,12,62544,0,0,100,"Intervention"
"222","222",0,764,12,62544,0,0,100,"Intervention"
"223","223",0,726,12,62544,0,0,100,"Intervention"
"224","224",0,758,12,62544,0,0,100,"Intervention"
"225","225",0,738,12,62544,0,0,100,"Intervention"
"226","226",0,762,12,62544,0,0,100,"Intervention"
"227","227",0,702,12,62544,0,0,100,"Intervention"
"228","228",0,800,12,62544,0,0,100,"Intervention"
"229","229",0,840,12,62544,0,0,100,"Intervention"
"230","230",0,842,12,62544,0,0,100,"Intervention"
"231","231",0,798,12,62544,0,0,100,"Intervention"
"232","232",0,818,12,62544,0,0,100,"Intervention"
"233","233",0,734,12,62544,0,0,100,"Intervention"
"234","234",0,692,12,62544,0,0,100,"Intervention"
"235","235",0,806,12,62544,0,0,100,"Intervention"
"236","236",0,672,12,62544,0,0,100,"Intervention"
"237","237",0,760,12,62544,0,0,100,"Intervention"
"238","238",0,736,12,62544,0,0,100,"Intervention"
"239","239",0,722,12,62544,0,0,100,"Intervention"
"240","240",0,732,12,62544,0,0,100,"Intervention"
"241","241",0,694,12,62544,0,0,100,"Intervention"
"242","242",0,818,12,62544,0,0,100,"Intervention"
"243","243",0,742,12,62544,0,0,100,"Intervention"
"244","244",0,758,12,62544,0,0,100,"Intervention"
"245","245",0,780,12,62544,0,0,100,"Intervention"
"246","246",0,740,12,62544,0,0,100,"Intervention"
"247","247",0,760,12,62544,0,0,100,"Intervention"
"248","248",0,756,12,62544,0,0,100,"Intervention"
"249","249",0,756,12,62544,0,0,100,"Intervention"
"250","250",0,746,12,62544,0,0,100,"Intervention"
"251","251",0,700,12,62544,0,0,100,"Intervention"
"252","252",0,692,12,62544,0,0,100,"Intervention"
"253","253",0,694,12,62544,0,0,100,"Intervention"
"254","254",0,750,12,62544,0,0,100,"Intervention"
"255","255",0,804,12,62544,0,0,100,"Intervention"
"256","256",0,742,12,62544,0,0,100,"Intervention"
"257","257",0,728,12,62544,0,0,100,"Intervention"
"258","258",0,796,12,62544,0,0,100,"Intervention"
"259","259",0,734,12,62544,0,0,100,"Intervention"
"260","260",0,744,12,62544,0,0,100,"Intervention"
"261","261",0,704,12,62544,0,0,100,"Intervention"
"262","262",0,724,12,62544,0,0,100,"Intervention"
"263","263",0,756,12,62544,0,0,100,"Intervention"
"264","264",2,740,12,62544,14.0864864864865,0,100,"Intervention"
"265","265",2,734,12,62544,14.2016348773842,0,100,"Intervention"
"266","266",0,752,12,62544,0,0,100,"Intervention"
"267","267",0,740,12,62544,0,0,100,"Intervention"
"268","268",0,698,12,62544,0,0,100,"Intervention"
"269","269",0,706,12,62544,0,0,100,"Intervention"
"270","270",0,842,12,62544,0,0,100,"Intervention"
"271","271",0,708,12,62544,0,0,100,"Intervention"
"272","272",0,730,12,62544,0,0,100,"Intervention"
"273","273",0,740,12,62544,0,0,100,"Intervention"
"274","274",0,780,12,62544,0,0,100,"Intervention"
"275","275",0,752,12,62544,0,0,100,"Intervention"
"276","276",0,652,12,62544,0,0,100,"Intervention"
"277","277",0,788,12,62544,0,0,100,"Intervention"
"278","278",0,778,12,62544,0,0,100,"Intervention"
"279","279",0,726,12,62544,0,0,100,"Intervention"
"280","280",0,726,12,62544,0,0,100,"Intervention"
"281","281",0,750,12,62544,0,0,100,"Intervention"
"282","282",0,796,12,62544,0,0,100,"Intervention"
"283","283",0,684,12,62544,0,0,100,"Intervention"
"284","284",0,772,12,62544,0,0,100,"Intervention"
"285","285",0,740,12,62544,0,0,100,"Intervention"
"286","286",0,708,12,62544,0,0,100,"Intervention"
"287","287",0,782,12,62544,0,0,100,"Intervention"
"288","288",0,792,12,62544,0,0,100,"Intervention"
"289","289",0,740,12,62544,0,0,100,"Intervention"
"290","290",0,744,12,62544,0,0,100,"Intervention"
"291","291",0,742,12,62544,0,0,100,"Intervention"
"292","292",0,836,12,62544,0,0,100,"Intervention"
"293","293",0,732,12,62544,0,0,100,"Intervention"
"294","294",0,758,12,62544,0,0,100,"Intervention"
"295","295",0,810,12,62544,0,0,100,"Intervention"
"296","296",0,768,12,62544,0,0,100,"Intervention"
"297","297",0,720,12,62544,0,0,100,"Intervention"
"298","298",0,666,12,62544,0,0,100,"Intervention"
"299","299",0,762,12,62544,0,0,100,"Intervention"
"300","300",0,732,12,62544,0,0,100,"Intervention"
"301","301",2,800,12,62544,13.03,0,100,"Intervention"
"302","302",0,666,12,62544,0,0,100,"Intervention"
"303","303",0,662,12,62544,0,0,100,"Intervention"
"304","304",0,750,12,62544,0,0,100,"Intervention"
"305","305",0,792,12,62544,0,0,100,"Intervention"
"306","306",0,718,12,62544,0,0,100,"Intervention"
"307","307",0,746,12,62544,0,0,100,"Intervention"
"308","308",0,700,12,62544,0,0,100,"Intervention"
"309","309",0,760,12,62544,0,0,100,"Intervention"
"310","310",0,784,12,62544,0,0,100,"Intervention"
"311","311",0,718,12,62544,0,0,100,"Intervention"
"312","312",0,736,12,62544,0,0,100,"Intervention"
"313","313",2,688,12,62544,15.1511627906977,0,100,"Intervention"
"314","314",0,804,12,62544,0,0,100,"Intervention"
"315","315",0,794,12,62544,0,0,100,"Intervention"
"316","316",0,808,12,62544,0,0,100,"Intervention"
"317","317",0,720,12,62544,0,0,100,"Intervention"
"318","318",0,710,12,62544,0,0,100,"Intervention"
"319","319",0,730,12,62544,0,0,100,"Intervention"
"320","320",0,734,12,62544,0,0,100,"Intervention"
"321","321",0,770,12,62544,0,0,100,"Intervention"
"322","322",0,800,12,62544,0,0,100,"Intervention"
"323","323",0,736,12,62544,0,0,100,"Intervention"
"324","324",0,764,12,62544,0,0,100,"Intervention"
"325","325",0,704,12,62544,0,0,100,"Intervention"
"326","326",0,804,12,62544,0,0,100,"Intervention"
"327","327",0,816,12,62544,0,0,100,"Intervention"
"328","328",0,766,12,62544,0,0,100,"Intervention"
"329","329",0,734,12,62544,0,0,100,"Intervention"
"330","330",0,708,12,62544,0,0,100,"Intervention"
"331","331",0,756,12,62544,0,0,100,"Intervention"
"332","332",0,768,12,62544,0,0,100,"Intervention"
"333","333",0,728,12,62544,0,0,100,"Intervention"
"334","334",0,712,12,62544,0,0,100,"Intervention"
"335","335",0,842,12,62544,0,0,100,"Intervention"
"336","336",0,742,12,62544,0,0,100,"Intervention"
"337","337",0,838,12,62544,0,0,100,"Intervention"
"338","338",0,722,12,62544,0,0,100,"Intervention"
"339","339",0,782,12,62544,0,0,100,"Intervention"
"340","340",0,788,12,62544,0,0,100,"Intervention"
"341","341",0,760,12,62544,0,0,100,"Intervention"
"342","342",0,714,12,62544,0,0,100,"Intervention"
"343","343",2,772,12,62544,13.5025906735751,0,100,"Intervention"
"344","344",0,710,12,62544,0,0,100,"Intervention"
"345","345",0,720,12,62544,0,0,100,"Intervention"
"346","346",0,678,12,62544,0,0,100,"Intervention"
"347","347",0,726,12,62544,0,0,100,"Intervention"
"348","348",0,718,12,62544,0,0,100,"Intervention"
"349","349",0,698,12,62544,0,0,100,"Intervention"
"350","350",0,728,12,62544,0,0,100,"Intervention"
"351","351",0,748,12,62544,0,0,100,"Intervention"
"352","352",0,708,12,62544,0,0,100,"Intervention"
"353","353",0,862,12,62544,0,0,100,"Intervention"
"354","354",0,718,12,62544,0,0,100,"Intervention"
"355","355",0,778,12,62544,0,0,100,"Intervention"
"356","356",0,692,12,62544,0,0,100,"Intervention"
"357","357",0,738,12,62544,0,0,100,"Intervention"
"358","358",0,704,12,62544,0,0,100,"Intervention"
"359","359",0,784,12,62544,0,0,100,"Intervention"
"360","360",0,712,12,62544,0,0,100,"Intervention"
"361","361",2,818,12,62544,12.7432762836186,0,100,"Intervention"
"362","362",0,766,12,62544,0,0,100,"Intervention"
"363","363",0,776,12,62544,0,0,100,"Intervention"
"364","364",0,808,12,62544,0,0,100,"Intervention"
"365","365",0,716,12,62544,0,0,100,"Intervention"
"366","366",0,822,12,62544,0,0,100,"Intervention"
"367","367",0,812,12,62544,0,0,100,"Intervention"
"368","368",0,736,12,62544,0,0,100,"Intervention"
"369","369",0,678,12,62544,0,0,100,"Intervention"
"370","370",0,776,12,62544,0,0,100,"Intervention"
"371","371",0,686,12,62544,0,0,100,"Intervention"
"372","372",0,738,12,62544,0,0,100,"Intervention"
"373","373",0,680,12,62544,0,0,100,"Intervention"
"374","374",0,778,12,62544,0,0,100,"Intervention"
"375","375",0,758,12,62544,0,0,100,"Intervention"
"376","376",0,734,12,62544,0,0,100,"Intervention"
"377","377",0,748,12,62544,0,0,100,"Intervention"
"378","378",0,736,12,62544,0,0,100,"Intervention"
"379","379",0,804,12,62544,0,0,100,"Intervention"
"380","380",0,734,12,62544,0,0,100,"Intervention"
"381","381",0,784,12,62544,0,0,100,"Intervention"
"382","382",0,808,12,62544,0,0,100,"Intervention"
"383","383",0,770,12,62544,0,0,100,"Intervention"
"384","384",2,738,12,62544,14.1246612466125,0,100,"Intervention"
"385","385",0,768,12,62544,0,0,100,"Intervention"
"386","386",0,776,12,62544,0,0,100,"Intervention"
"387","387",0,732,12,62544,0,0,100,"Intervention"
"388","388",0,756,12,62544,0,0,100,"Intervention"
"389","389",0,718,12,62544,0,0,100,"Intervention"
"390","390",0,720,12,62544,0,0,100,"Intervention"
"391","391",0,682,12,62544,0,0,100,"Intervention"
"392","392",2,760,12,62544,13.7157894736842,0,100,"Intervention"
"393","393",0,764,12,62544,0,0,100,"Intervention"
"394","394",0,740,12,62544,0,0,100,"Intervention"
"395","395",2,742,12,62544,14.0485175202156,0,100,"Intervention"
"396","396",0,792,12,62544,0,0,100,"Intervention"
"397","397",0,754,12,62544,0,0,100,"Intervention"
"398","398",0,716,12,62544,0,0,100,"Intervention"
"399","399",0,794,12,62544,0,0,100,"Intervention"
"400","400",2,750,12,62544,13.8986666666667,0,100,"Intervention"
"401","401",0,730,12,62544,0,0,100,"Intervention"
"402","402",0,698,12,62544,0,0,100,"Intervention"
"403","403",0,748,12,62544,0,0,100,"Intervention"
"404","404",0,780,12,62544,0,0,100,"Intervention"
"405","405",0,710,12,62544,0,0,100,"Intervention"
"406","406",0,676,12,62544,0,0,100,"Intervention"
"407","407",0,744,12,62544,0,0,100,"Intervention"
"408","408",0,780,12,62544,0,0,100,"Intervention"
"409","409",0,716,12,62544,0,0,100,"Intervention"
"410","410",2,670,12,62544,15.5582089552239,0,100,"Intervention"
"411","411",0,730,12,62544,0,0,100,"Intervention"
"412","412",2,740,12,62544,14.0864864864865,0,100,"Intervention"
"413","413",0,822,12,62544,0,0,100,"Intervention"
"414","414",0,822,12,62544,0,0,100,"Intervention"
"415","415",0,778,12,62544,0,0,100,"Intervention"
"416","416",0,704,12,62544,0,0,100,"Intervention"
"417","417",0,694,12,62544,0,0,100,"Intervention"
"418","418",0,766,12,62544,0,0,100,"Intervention"
"419","419",0,706,12,62544,0,0,100,"Intervention"
"420","420",0,724,12,62544,0,0,100,"Intervention"
"421","421",0,720,12,62544,0,0,100,"Intervention"
"422","422",0,764,12,62544,0,0,100,"Intervention"
"423","423",0,680,12,62544,0,0,100,"Intervention"
"424","424",0,754,12,62544,0,0,100,"Intervention"
"425","425",0,814,12,62544,0,0,100,"Intervention"
"426","426",0,752,12,62544,0,0,100,"Intervention"
"427","427",0,778,12,62544,0,0,100,"Intervention"
"428","428",0,768,12,62544,0,0,100,"Intervention"
"429","429",0,764,12,62544,0,0,100,"Intervention"
"430","430",0,796,12,62544,0,0,100,"Intervention"
"431","431",0,720,12,62544,0,0,100,"Intervention"
"432","432",0,768,12,62544,0,0,100,"Intervention"
"433","433",0,806,12,62544,0,0,100,"Intervention"
"434","434",0,722,12,62544,0,0,100,"Intervention"
"435","435",0,734,12,62544,0,0,100,"Intervention"
"436","436",0,674,12,62544,0,0,100,"Intervention"
"437","437",0,726,12,62544,0,0,100,"Intervention"
"438","438",0,776,12,62544,0,0,100,"Intervention"
"439","439",0,696,12,62544,0,0,100,"Intervention"
"440","440",0,734,12,62544,0,0,100,"Intervention"
"441","441",0,748,12,62544,0,0,100,"Intervention"
"442","442",0,706,12,62544,0,0,100,"Intervention"
"443","443",0,774,12,62544,0,0,100,"Intervention"
"444","444",0,752,12,62544,0,0,100,"Intervention"
"445","445",0,788,12,62544,0,0,100,"Intervention"
"446","446",0,708,12,62544,0,0,100,"Intervention"
"447","447",0,742,12,62544,0,0,100,"Intervention"
"448","448",0,754,12,62544,0,0,100,"Intervention"
"449","449",0,744,12,62544,0,0,100,"Intervention"
"450","450",0,778,12,62544,0,0,100,"Intervention"
"451","451",0,720,12,62544,0,0,100,"Intervention"
"452","452",0,758,12,62544,0,0,100,"Intervention"
"453","453",0,794,12,62544,0,0,100,"Intervention"
"454","454",0,792,12,62544,0,0,100,"Intervention"
"455","455",0,714,12,62544,0,0,100,"Intervention"
"456","456",0,736,12,62544,0,0,100,"Intervention"
"457","457",0,666,12,62544,0,0,100,"Intervention"
"458","458",0,732,12,62544,0,0,100,"Intervention"
"459","459",0,732,12,62544,0,0,100,"Intervention"
"460","460",0,768,12,62544,0,0,100,"Intervention"
"461","461",4,712,12,62544,29.2808988764045,0,100,"Intervention"
"462","462",0,754,12,62544,0,0,100,"Intervention"
"463","463",0,714,12,62544,0,0,100,"Intervention"
"464","464",0,796,12,62544,0,0,100,"Intervention"
"465","465",0,806,12,62544,0,0,100,"Intervention"
"466","466",0,696,12,62544,0,0,100,"Intervention"
"467","467",0,764,12,62544,0,0,100,"Intervention"
"468","468",0,704,12,62544,0,0,100,"Intervention"
"469","469",0,772,12,62544,0,0,100,"Intervention"
"470","470",0,742,12,62544,0,0,100,"Intervention"
"471","471",0,790,12,62544,0,0,100,"Intervention"
"472","472",0,708,12,62544,0,0,100,"Intervention"
"473","473",0,664,12,62544,0,0,100,"Intervention"
"474","474",0,708,12,62544,0,0,100,"Intervention"
"475","475",0,764,12,62544,0,0,100,"Intervention"
"476","476",0,720,12,62544,0,0,100,"Intervention"
"477","477",0,696,12,62544,0,0,100,"Intervention"
"478","478",0,746,12,62544,0,0,100,"Intervention"
"479","479",0,734,12,62544,0,0,100,"Intervention"
"480","480",0,676,12,62544,0,0,100,"Intervention"
"481","481",0,716,12,62544,0,0,100,"Intervention"
"482","482",0,706,12,62544,0,0,100,"Intervention"
"483","483",2,794,12,62544,13.1284634760705,0,100,"Intervention"
"484","484",0,698,12,62544,0,0,100,"Intervention"
"485","485",0,654,12,62544,0,0,100,"Intervention"
"486","486",0,756,12,62544,0,0,100,"Intervention"
"487","487",2,730,12,62544,14.2794520547945,0,100,"Intervention"
"488","488",0,680,12,62544,0,0,100,"Intervention"
"489","489",2,762,12,62544,13.6797900262467,0,100,"Intervention"
"490","490",0,720,12,62544,0,0,100,"Intervention"
"491","491",0,716,12,62544,0,0,100,"Intervention"
"492","492",0,714,12,62544,0,0,100,"Intervention"
"493","493",2,726,12,62544,14.3581267217631,0,100,"Intervention"
"494","494",0,774,12,62544,0,0,100,"Intervention"
"495","495",0,760,12,62544,0,0,100,"Intervention"
"496","496",0,758,12,62544,0,0,100,"Intervention"
"497","497",0,712,12,62544,0,0,100,"Intervention"
"498","498",0,660,12,62544,0,0,100,"Intervention"
"499","499",0,742,12,62544,0,0,100,"Intervention"
"500","500",0,726,12,62544,0,0,100,"Intervention"
"501","501",0,754,12,62544,0,0,100,"Intervention"
"502","502",0,776,12,62544,0,0,100,"Intervention"
"503","503",0,754,12,62544,0,0,100,"Intervention"
"504","504",2,830,12,62544,12.5590361445783,0,100,"Intervention"
"505","505",0,720,12,62544,0,0,100,"Intervention"
"506","506",0,782,12,62544,0,0,100,"Intervention"
"507","507",0,708,12,62544,0,0,100,"Intervention"
"508","508",0,762,12,62544,0,0,100,"Intervention"
"509","509",2,726,12,62544,14.3581267217631,0,100,"Intervention"
"510","510",0,836,12,62544,0,0,100,"Intervention"
"511","511",0,794,12,62544,0,0,100,"Intervention"
"512","512",0,752,12,62544,0,0,100,"Intervention"
"513","513",0,694,12,62544,0,0,100,"Intervention"
"514","514",0,750,12,62544,0,0,100,"Intervention"
"515","515",0,780,12,62544,0,0,100,"Intervention"
"516","516",0,688,12,62544,0,0,100,"Intervention"
"517","517",0,748,12,62544,0,0,100,"Intervention"
"518","518",0,692,12,62544,0,0,100,"Intervention"
"519","519",0,752,12,62544,0,0,100,"Intervention"
"520","520",0,754,12,62544,0,0,100,"Intervention"
"521","521",0,776,12,62544,0,0,100,"Intervention"
"522","522",0,742,12,62544,0,0,100,"Intervention"
"523","523",0,724,12,62544,0,0,100,"Intervention"
"524","524",0,768,12,62544,0,0,100,"Intervention"
"525","525",0,712,12,62544,0,0,100,"Intervention"
"526","526",2,698,12,62544,14.9340974212034,0,100,"Intervention"
"527","527",0,792,12,62544,0,0,100,"Intervention"
"528","528",0,740,12,62544,0,0,100,"Intervention"
"529","529",0,748,12,62544,0,0,100,"Intervention"
"530","530",0,800,12,62544,0,0,100,"Intervention"
"531","531",2,728,12,62544,14.3186813186813,0,100,"Intervention"
"532","532",0,742,12,62544,0,0,100,"Intervention"
"533","533",0,756,12,62544,0,0,100,"Intervention"
"534","534",0,758,12,62544,0,0,100,"Intervention"
"535","535",0,752,12,62544,0,0,100,"Intervention"
"536","536",0,734,12,62544,0,0,100,"Intervention"
"537","537",0,714,12,62544,0,0,100,"Intervention"
"538","538",0,740,12,62544,0,0,100,"Intervention"
"539","539",0,780,12,62544,0,0,100,"Intervention"
"540","540",0,814,12,62544,0,0,100,"Intervention"
"541","541",0,750,12,62544,0,0,100,"Intervention"
"542","542",0,712,12,62544,0,0,100,"Intervention"
"543","543",0,728,12,62544,0,0,100,"Intervention"
"544","544",0,750,12,62544,0,0,100,"Intervention"
"545","545",0,804,12,62544,0,0,100,"Intervention"
"546","546",0,780,12,62544,0,0,100,"Intervention"
"547","547",2,728,12,62544,14.3186813186813,0,100,"Intervention"
"548","548",0,772,12,62544,0,0,100,"Intervention"
"549","549",0,780,12,62544,0,0,100,"Intervention"
"550","550",0,736,12,62544,0,0,100,"Intervention"
"551","551",0,740,12,62544,0,0,100,"Intervention"
"552","552",0,734,12,62544,0,0,100,"Intervention"
"553","553",0,744,12,62544,0,0,100,"Intervention"
"554","554",0,746,12,62544,0,0,100,"Intervention"
"555","555",0,774,12,62544,0,0,100,"Intervention"
"556","556",0,760,12,62544,0,0,100,"Intervention"
"557","557",0,752,12,62544,0,0,100,"Intervention"
"558","558",0,760,12,62544,0,0,100,"Intervention"
"559","559",0,766,12,62544,0,0,100,"Intervention"
"560","560",0,790,12,62544,0,0,100,"Intervention"
"561","561",0,808,12,62544,0,0,100,"Intervention"
"562","562",2,744,12,62544,14.010752688172,0,100,"Intervention"
"563","563",0,726,12,62544,0,0,100,"Intervention"
"564","564",0,710,12,62544,0,0,100,"Intervention"
"565","565",0,772,12,62544,0,0,100,"Intervention"
"566","566",0,738,12,62544,0,0,100,"Intervention"
"567","567",0,832,12,62544,0,0,100,"Intervention"
"568","568",0,736,12,62544,0,0,100,"Intervention"
"569","569",0,706,12,62544,0,0,100,"Intervention"
"570","570",0,792,12,62544,0,0,100,"Intervention"
"571","571",0,744,12,62544,0,0,100,"Intervention"
"572","572",0,774,12,62544,0,0,100,"Intervention"
"573","573",0,828,12,62544,0,0,100,"Intervention"
"574","574",0,688,12,62544,0,0,100,"Intervention"
"575","575",0,694,12,62544,0,0,100,"Intervention"
"576","576",0,706,12,62544,0,0,100,"Intervention"
"577","577",0,694,12,62544,0,0,100,"Intervention"
"578","578",0,790,12,62544,0,0,100,"Intervention"
"579","579",2,738,12,62544,14.1246612466125,0,100,"Intervention"
"580","580",0,736,12,62544,0,0,100,"Intervention"
"581","581",2,742,12,62544,14.0485175202156,0,100,"Intervention"
"582","582",0,664,12,62544,0,0,100,"Intervention"
"583","583",0,764,12,62544,0,0,100,"Intervention"
"584","584",0,704,12,62544,0,0,100,"Intervention"
"585","585",0,794,12,62544,0,0,100,"Intervention"
"586","586",0,696,12,62544,0,0,100,"Intervention"
"587","587",0,780,12,62544,0,0,100,"Intervention"
"588","588",0,682,12,62544,0,0,100,"Intervention"
"589","589",0,754,12,62544,0,0,100,"Intervention"
"590","590",0,748,12,62544,0,0,100,"Intervention"
"591","591",0,758,12,62544,0,0,100,"Intervention"
"592","592",0,754,12,62544,0,0,100,"Intervention"
"593","593",0,738,12,62544,0,0,100,"Intervention"
"594","594",0,712,12,62544,0,0,100,"Intervention"
"595","595",2,786,12,62544,13.2620865139949,0,100,"Intervention"
"596","596",0,722,12,62544,0,0,100,"Intervention"
"597","597",0,746,12,62544,0,0,100,"Intervention"
"598","598",0,710,12,62544,0,0,100,"Intervention"
"599","599",0,692,12,62544,0,0,100,"Intervention"
"600","600",0,796,12,62544,0,0,100,"Intervention"
"601","601",0,750,12,62544,0,0,100,"Intervention"
"602","602",0,744,12,62544,0,0,100,"Intervention"
"603","603",0,758,12,62544,0,0,100,"Intervention"
"604","604",0,728,12,62544,0,0,100,"Intervention"
"605","605",0,790,12,62544,0,0,100,"Intervention"
"606","606",0,784,12,62544,0,0,100,"Intervention"
"607","607",0,672,12,62544,0,0,100,"Intervention"
"608","608",0,792,12,62544,0,0,100,"Intervention"
"609","609",0,796,12,62544,0,0,100,"Intervention"
"610","610",0,748,12,62544,0,0,100,"Intervention"
"611","611",0,790,12,62544,0,0,100,"Intervention"
"612","612",0,810,12,62544,0,0,100,"Intervention"
"613","613",0,694,12,62544,0,0,100,"Intervention"
"614","614",0,726,12,62544,0,0,100,"Intervention"
"615","615",0,854,12,62544,0,0,100,"Intervention"
"616","616",2,764,12,62544,13.6439790575916,0,100,"Intervention"
"617","617",0,706,12,62544,0,0,100,"Intervention"
"618","618",0,724,12,62544,0,0,100,"Intervention"
"619","619",0,710,12,62544,0,0,100,"Intervention"
"620","620",0,742,12,62544,0,0,100,"Intervention"
"621","621",0,738,12,62544,0,0,100,"Intervention"
"622","622",0,852,12,62544,0,0,100,"Intervention"
"623","623",0,712,12,62544,0,0,100,"Intervention"
"624","624",0,750,12,62544,0,0,100,"Intervention"
"625","625",0,752,12,62544,0,0,100,"Intervention"
"626","626",0,762,12,62544,0,0,100,"Intervention"
"627","627",0,684,12,62544,0,0,100,"Intervention"
"628","628",0,744,12,62544,0,0,100,"Intervention"
"629","629",2,688,12,62544,15.1511627906977,0,100,"Intervention"
"630","630",0,818,12,62544,0,0,100,"Intervention"
"631","631",0,704,12,62544,0,0,100,"Intervention"
"632","632",0,802,12,62544,0,0,100,"Intervention"
"633","633",0,762,12,62544,0,0,100,"Intervention"
"634","634",0,730,12,62544,0,0,100,"Intervention"
"635","635",0,774,12,62544,0,0,100,"Intervention"
"636","636",0,720,12,62544,0,0,100,"Intervention"
"637","637",0,716,12,62544,0,0,100,"Intervention"
"638","638",0,708,12,62544,0,0,100,"Intervention"
"639","639",0,754,12,62544,0,0,100,"Intervention"
"640","640",0,758,12,62544,0,0,100,"Intervention"
"641","641",0,784,12,62544,0,0,100,"Intervention"
"642","642",0,758,12,62544,0,0,100,"Intervention"
"643","643",0,744,12,62544,0,0,100,"Intervention"
"644","644",0,698,12,62544,0,0,100,"Intervention"
"645","645",0,812,12,62544,0,0,100,"Intervention"
"646","646",0,744,12,62544,0,0,100,"Intervention"
"647","647",0,814,12,62544,0,0,100,"Intervention"
"648","648",0,714,12,62544,0,0,100,"Intervention"
"649","649",0,722,12,62544,0,0,100,"Intervention"
"650","650",0,726,12,62544,0,0,100,"Intervention"
"651","651",0,730,12,62544,0,0,100,"Intervention"
"652","652",0,782,12,62544,0,0,100,"Intervention"
"653","653",0,624,12,62544,0,0,100,"Intervention"
"654","654",0,686,12,62544,0,0,100,"Intervention"
"655","655",0,716,12,62544,0,0,100,"Intervention"
"656","656",0,760,12,62544,0,0,100,"Intervention"
"657","657",0,700,12,62544,0,0,100,"Intervention"
"658","658",0,698,12,62544,0,0,100,"Intervention"
"659","659",0,790,12,62544,0,0,100,"Intervention"
"660","660",0,730,12,62544,0,0,100,"Intervention"
"661","661",0,724,12,62544,0,0,100,"Intervention"
"662","662",0,766,12,62544,0,0,100,"Intervention"
"663","663",0,764,12,62544,0,0,100,"Intervention"
"664","664",0,672,12,62544,0,0,100,"Intervention"
"665","665",0,714,12,62544,0,0,100,"Intervention"
"666","666",0,812,12,62544,0,0,100,"Intervention"
"667","667",0,810,12,62544,0,0,100,"Intervention"
"668","668",0,692,12,62544,0,0,100,"Intervention"
"669","669",0,694,12,62544,0,0,100,"Intervention"
"670","670",0,752,12,62544,0,0,100,"Intervention"
"671","671",0,790,12,62544,0,0,100,"Intervention"
"672","672",0,802,12,62544,0,0,100,"Intervention"
"673","673",2,776,12,62544,13.4329896907216,0,100,"Intervention"
"674","674",0,728,12,62544,0,0,100,"Intervention"
"675","675",0,682,12,62544,0,0,100,"Intervention"
"676","676",0,764,12,62544,0,0,100,"Intervention"
"677","677",0,770,12,62544,0,0,100,"Intervention"
"678","678",0,742,12,62544,0,0,100,"Intervention"
"679","679",0,724,12,62544,0,0,100,"Intervention"
"680","680",0,742,12,62544,0,0,100,"Intervention"
"681","681",0,780,12,62544,0,0,100,"Intervention"
"682","682",0,732,12,62544,0,0,100,"Intervention"
"683","683",0,752,12,62544,0,0,100,"Intervention"
"684","684",2,720,12,62544,14.4777777777778,0,100,"Intervention"
"685","685",0,680,12,62544,0,0,100,"Intervention"
"686","686",0,692,12,62544,0,0,100,"Intervention"
"687","687",0,746,12,62544,0,0,100,"Intervention"
"688","688",0,754,12,62544,0,0,100,"Intervention"
"689","689",0,696,12,62544,0,0,100,"Intervention"
"690","690",0,688,12,62544,0,0,100,"Intervention"
"691","691",0,706,12,62544,0,0,100,"Intervention"
"692","692",0,714,12,62544,0,0,100,"Intervention"
"693","693",0,718,12,62544,0,0,100,"Intervention"
"694","694",0,786,12,62544,0,0,100,"Intervention"
"695","695",0,672,12,62544,0,0,100,"Intervention"
"696","696",0,730,12,62544,0,0,100,"Intervention"
"697","697",0,776,12,62544,0,0,100,"Intervention"
"698","698",2,810,12,62544,12.8691358024691,0,100,"Intervention"
"699","699",0,740,12,62544,0,0,100,"Intervention"
"700","700",0,800,12,62544,0,0,100,"Intervention"
"701","701",0,818,12,62544,0,0,100,"Intervention"
"702","702",0,752,12,62544,0,0,100,"Intervention"
"703","703",0,808,12,62544,0,0,100,"Intervention"
"704","704",0,752,12,62544,0,0,100,"Intervention"
"705","705",2,736,12,62544,14.1630434782609,0,100,"Intervention"
"706","706",0,742,12,62544,0,0,100,"Intervention"
"707","707",0,734,12,62544,0,0,100,"Intervention"
"708","708",0,770,12,62544,0,0,100,"Intervention"
"709","709",0,796,12,62544,0,0,100,"Intervention"
"710","710",0,686,12,62544,0,0,100,"Intervention"
"711","711",0,770,12,62544,0,0,100,"Intervention"
"712","712",0,780,12,62544,0,0,100,"Intervention"
"713","713",0,744,12,62544,0,0,100,"Intervention"
"714","714",0,732,12,62544,0,0,100,"Intervention"
"715","715",0,778,12,62544,0,0,100,"Intervention"
"716","716",0,672,12,62544,0,0,100,"Intervention"
"717","717",0,734,12,62544,0,0,100,"Intervention"
"718","718",0,730,12,62544,0,0,100,"Intervention"
"719","719",0,768,12,62544,0,0,100,"Intervention"
"720","720",0,732,12,62544,0,0,100,"Intervention"
"721","721",0,774,12,62544,0,0,100,"Intervention"
"722","722",2,788,12,62544,13.2284263959391,0,100,"Intervention"
"723","723",0,754,12,62544,0,0,100,"Intervention"
"724","724",0,770,12,62544,0,0,100,"Intervention"
"725","725",0,758,12,62544,0,0,100,"Intervention"
"726","726",0,722,12,62544,0,0,100,"Intervention"
"727","727",0,682,12,62544,0,0,100,"Intervention"
"728","728",0,776,12,62544,0,0,100,"Intervention"
"729","729",0,754,12,62544,0,0,100,"Intervention"
"730","730",2,714,12,62544,14.5994397759104,0,100,"Intervention"
"731","731",0,772,12,62544,0,0,100,"Intervention"
"732","732",0,714,12,62544,0,0,100,"Intervention"
"733","733",0,750,12,62544,0,0,100,"Intervention"
"734","734",0,764,12,62544,0,0,100,"Intervention"
"735","735",0,754,12,62544,0,0,100,"Intervention"
"736","736",0,736,12,62544,0,0,100,"Intervention"
"737","737",0,716,12,62544,0,0,100,"Intervention"
"738","738",0,720,12,62544,0,0,100,"Intervention"
"739","739",0,690,12,62544,0,0,100,"Intervention"
"740","740",0,702,12,62544,0,0,100,"Intervention"
"741","741",0,676,12,62544,0,0,100,"Intervention"
"742","742",0,722,12,62544,0,0,100,"Intervention"
"743","743",0,706,12,62544,0,0,100,"Intervention"
"744","744",0,716,12,62544,0,0,100,"Intervention"
"745","745",0,726,12,62544,0,0,100,"Intervention"
"746","746",0,740,12,62544,0,0,100,"Intervention"
"747","747",0,766,12,62544,0,0,100,"Intervention"
"748","748",0,738,12,62544,0,0,100,"Intervention"
"749","749",0,704,12,62544,0,0,100,"Intervention"
"750","750",2,754,12,62544,13.8249336870027,0,100,"Intervention"
"751","751",0,772,12,62544,0,0,100,"Intervention"
"752","752",0,782,12,62544,0,0,100,"Intervention"
"753","753",0,848,12,62544,0,0,100,"Intervention"
"754","754",0,758,12,62544,0,0,100,"Intervention"
"755","755",0,804,12,62544,0,0,100,"Intervention"
"756","756",0,756,12,62544,0,0,100,"Intervention"
"757","757",0,792,12,62544,0,0,100,"Intervention"
"758","758",0,664,12,62544,0,0,100,"Intervention"
"759","759",2,792,12,62544,13.1616161616162,0,100,"Intervention"
"760","760",0,796,12,62544,0,0,100,"Intervention"
"761","761",0,740,12,62544,0,0,100,"Intervention"
"762","762",0,708,12,62544,0,0,100,"Intervention"
"763","763",0,778,12,62544,0,0,100,"Intervention"
"764","764",0,734,12,62544,0,0,100,"Intervention"
"765","765",0,710,12,62544,0,0,100,"Intervention"
"766","766",2,800,12,62544,13.03,0,100,"Intervention"
"767","767",0,814,12,62544,0,0,100,"Intervention"
"768","768",0,766,12,62544,0,0,100,"Intervention"
"769","769",0,782,12,62544,0,0,100,"Intervention"
"770","770",0,708,12,62544,0,0,100,"Intervention"
"771","771",0,730,12,62544,0,0,100,"Intervention"
"772","772",0,716,12,62544,0,0,100,"Intervention"
"773","773",0,842,12,62544,0,0,100,"Intervention"
"774","774",0,718,12,62544,0,0,100,"Intervention"
"775","775",0,752,12,62544,0,0,100,"Intervention"
"776","776",0,790,12,62544,0,0,100,"Intervention"
"777","777",0,768,12,62544,0,0,100,"Intervention"
"778","778",2,760,12,62544,13.7157894736842,0,100,"Intervention"
"779","779",0,706,12,62544,0,0,100,"Intervention"
"780","780",0,746,12,62544,0,0,100,"Intervention"
"781","781",0,748,12,62544,0,0,100,"Intervention"
"782","782",0,768,12,62544,0,0,100,"Intervention"
"783","783",0,742,12,62544,0,0,100,"Intervention"
"784","784",0,798,12,62544,0,0,100,"Intervention"
"785","785",0,708,12,62544,0,0,100,"Intervention"
"786","786",0,708,12,62544,0,0,100,"Intervention"
"787","787",0,758,12,62544,0,0,100,"Intervention"
"788","788",0,814,12,62544,0,0,100,"Intervention"
"789","789",0,726,12,62544,0,0,100,"Intervention"
"790","790",0,800,12,62544,0,0,100,"Intervention"
"791","791",0,746,12,62544,0,0,100,"Intervention"
"792","792",0,766,12,62544,0,0,100,"Intervention"
"793","793",0,754,12,62544,0,0,100,"Intervention"
"794","794",0,754,12,62544,0,0,100,"Intervention"
"795","795",0,682,12,62544,0,0,100,"Intervention"
"796","796",0,730,12,62544,0,0,100,"Intervention"
"797","797",0,722,12,62544,0,0,100,"Intervention"
"798","798",0,732,12,62544,0,0,100,"Intervention"
"799","799",0,736,12,62544,0,0,100,"Intervention"
"800","800",2,778,12,62544,13.3984575835476,0,100,"Intervention"
"801","801",0,726,12,62544,0,0,100,"Intervention"
"802","802",0,794,12,62544,0,0,100,"Intervention"
"803","803",0,758,12,62544,0,0,100,"Intervention"
"804","804",0,736,12,62544,0,0,100,"Intervention"
"805","805",0,772,12,62544,0,0,100,"Intervention"
"806","806",0,730,12,62544,0,0,100,"Intervention"
"807","807",0,752,12,62544,0,0,100,"Intervention"
"808","808",0,672,12,62544,0,0,100,"Intervention"
"809","809",0,746,12,62544,0,0,100,"Intervention"
"810","810",2,716,12,62544,14.5586592178771,0,100,"Intervention"
"811","811",0,742,12,62544,0,0,100,"Intervention"
"812","812",0,716,12,62544,0,0,100,"Intervention"
"813","813",0,710,12,62544,0,0,100,"Intervention"
"814","814",0,742,12,62544,0,0,100,"Intervention"
"815","815",0,756,12,62544,0,0,100,"Intervention"
"816","816",0,746,12,62544,0,0,100,"Intervention"
"817","817",0,702,12,62544,0,0,100,"Intervention"
"818","818",0,732,12,62544,0,0,100,"Intervention"
"819","819",2,808,12,62544,12.9009900990099,0,100,"Intervention"
"820","820",0,766,12,62544,0,0,100,"Intervention"
"821","821",0,750,12,62544,0,0,100,"Intervention"
"822","822",0,800,12,62544,0,0,100,"Intervention"
"823","823",0,706,12,62544,0,0,100,"Intervention"
"824","824",0,768,12,62544,0,0,100,"Intervention"
"825","825",0,704,12,62544,0,0,100,"Intervention"
"826","826",0,774,12,62544,0,0,100,"Intervention"
"827","827",0,812,12,62544,0,0,100,"Intervention"
"828","828",0,732,12,62544,0,0,100,"Intervention"
"829","829",0,680,12,62544,0,0,100,"Intervention"
"830","830",0,766,12,62544,0,0,100,"Intervention"
"831","831",0,716,12,62544,0,0,100,"Intervention"
"832","832",0,720,12,62544,0,0,100,"Intervention"
"833","833",0,704,12,62544,0,0,100,"Intervention"
"834","834",0,748,12,62544,0,0,100,"Intervention"
"835","835",0,696,12,62544,0,0,100,"Intervention"
"836","836",0,766,12,62544,0,0,100,"Intervention"
"837","837",2,804,12,62544,12.9651741293532,0,100,"Intervention"
"838","838",0,774,12,62544,0,0,100,"Intervention"
"839","839",0,708,12,62544,0,0,100,"Intervention"
"840","840",0,730,12,62544,0,0,100,"Intervention"
"841","841",0,764,12,62544,0,0,100,"Intervention"
"842","842",0,770,12,62544,0,0,100,"Intervention"
"843","843",2,718,12,62544,14.5181058495822,0,100,"Intervention"
"844","844",0,714,12,62544,0,0,100,"Intervention"
"845","845",0,648,12,62544,0,0,100,"Intervention"
"846","846",0,754,12,62544,0,0,100,"Intervention"
"847","847",0,756,12,62544,0,0,100,"Intervention"
"848","848",0,738,12,62544,0,0,100,"Intervention"
"849","849",0,772,12,62544,0,0,100,"Intervention"
"850","850",0,722,12,62544,0,0,100,"Intervention"
"851","851",0,784,12,62544,0,0,100,"Intervention"
"852","852",0,758,12,62544,0,0,100,"Intervention"
"853","853",0,718,12,62544,0,0,100,"Intervention"
"854","854",0,676,12,62544,0,0,100,"Intervention"
"855","855",0,762,12,62544,0,0,100,"Intervention"
"856","856",0,710,12,62544,0,0,100,"Intervention"
"857","857",0,666,12,62544,0,0,100,"Intervention"
"858","858",0,824,12,62544,0,0,100,"Intervention"
"859","859",0,738,12,62544,0,0,100,"Intervention"
"860","860",0,782,12,62544,0,0,100,"Intervention"
"861","861",0,674,12,62544,0,0,100,"Intervention"
"862","862",0,748,12,62544,0,0,100,"Intervention"
"863","863",0,748,12,62544,0,0,100,"Intervention"
"864","864",0,820,12,62544,0,0,100,"Intervention"
"865","865",0,714,12,62544,0,0,100,"Intervention"
"866","866",0,686,12,62544,0,0,100,"Intervention"
"867","867",0,752,12,62544,0,0,100,"Intervention"
"868","868",0,746,12,62544,0,0,100,"Intervention"
"869","869",0,758,12,62544,0,0,100,"Intervention"
"870","870",0,704,12,62544,0,0,100,"Intervention"
"871","871",0,824,12,62544,0,0,100,"Intervention"
"872","872",0,762,12,62544,0,0,100,"Intervention"
"873","873",0,712,12,62544,0,0,100,"Intervention"
"874","874",0,804,12,62544,0,0,100,"Intervention"
"875","875",0,704,12,62544,0,0,100,"Intervention"
"876","876",0,810,12,62544,0,0,100,"Intervention"
"877","877",0,722,12,62544,0,0,100,"Intervention"
"878","878",0,728,12,62544,0,0,100,"Intervention"
"879","879",0,744,12,62544,0,0,100,"Intervention"
"880","880",0,684,12,62544,0,0,100,"Intervention"
"881","881",0,770,12,62544,0,0,100,"Intervention"
"882","882",0,734,12,62544,0,0,100,"Intervention"
"883","883",0,666,12,62544,0,0,100,"Intervention"
"884","884",0,724,12,62544,0,0,100,"Intervention"
"885","885",0,724,12,62544,0,0,100,"Intervention"
"886","886",0,834,12,62544,0,0,100,"Intervention"
"887","887",0,754,12,62544,0,0,100,"Intervention"
"888","888",0,760,12,62544,0,0,100,"Intervention"
"889","889",0,656,12,62544,0,0,100,"Intervention"
"890","890",0,732,12,62544,0,0,100,"Intervention"
"891","891",0,698,12,62544,0,0,100,"Intervention"
"892","892",2,772,12,62544,13.5025906735751,0,100,"Intervention"
"893","893",0,812,12,62544,0,0,100,"Intervention"
"894","894",0,806,12,62544,0,0,100,"Intervention"
"895","895",0,772,12,62544,0,0,100,"Intervention"
"896","896",0,694,12,62544,0,0,100,"Intervention"
"897","897",0,758,12,62544,0,0,100,"Intervention"
"898","898",0,712,12,62544,0,0,100,"Intervention"
"899","899",2,750,12,62544,13.8986666666667,0,100,"Intervention"
"900","900",0,776,12,62544,0,0,100,"Intervention"
"901","901",0,736,12,62544,0,0,100,"Intervention"
"902","902",0,772,12,62544,0,0,100,"Intervention"
"903","903",0,838,12,62544,0,0,100,"Intervention"
"904","904",0,780,12,62544,0,0,100,"Intervention"
"905","905",0,768,12,62544,0,0,100,"Intervention"
"906","906",0,726,12,62544,0,0,100,"Intervention"
"907","907",0,756,12,62544,0,0,100,"Intervention"
"908","908",0,784,12,62544,0,0,100,"Intervention"
"909","909",0,748,12,62544,0,0,100,"Intervention"
"910","910",0,700,12,62544,0,0,100,"Intervention"
"911","911",0,712,12,62544,0,0,100,"Intervention"
"912","912",0,784,12,62544,0,0,100,"Intervention"
"913","913",0,700,12,62544,0,0,100,"Intervention"
"914","914",0,732,12,62544,0,0,100,"Intervention"
"915","915",0,766,12,62544,0,0,100,"Intervention"
"916","916",0,810,12,62544,0,0,100,"Intervention"
"917","917",0,776,12,62544,0,0,100,"Intervention"
"918","918",0,738,12,62544,0,0,100,"Intervention"
"919","919",0,760,12,62544,0,0,100,"Intervention"
"920","920",0,730,12,62544,0,0,100,"Intervention"
"921","921",0,740,12,62544,0,0,100,"Intervention"
"922","922",0,796,12,62544,0,0,100,"Intervention"
"923","923",0,746,12,62544,0,0,100,"Intervention"
"924","924",0,716,12,62544,0,0,100,"Intervention"
"925","925",0,740,12,62544,0,0,100,"Intervention"
"926","926",0,722,12,62544,0,0,100,"Intervention"
"927","927",0,700,12,62544,0,0,100,"Intervention"
"928","928",0,712,12,62544,0,0,100,"Intervention"
"929","929",0,796,12,62544,0,0,100,"Intervention"
"930","930",0,728,12,62544,0,0,100,"Intervention"
"931","931",0,740,12,62544,0,0,100,"Intervention"
"932","932",0,756,12,62544,0,0,100,"Intervention"
"933","933",0,804,12,62544,0,0,100,"Intervention"
"934","934",2,764,12,62544,13.6439790575916,0,100,"Intervention"
"935","935",0,744,12,62544,0,0,100,"Intervention"
"936","936",0,790,12,62544,0,0,100,"Intervention"
"937","937",0,712,12,62544,0,0,100,"Intervention"
"938","938",0,708,12,62544,0,0,100,"Intervention"
"939","939",0,698,12,62544,0,0,100,"Intervention"
"940","940",0,742,12,62544,0,0,100,"Intervention"
"941","941",0,686,12,62544,0,0,100,"Intervention"
"942","942",0,686,12,62544,0,0,100,"Intervention"
"943","943",0,836,12,62544,0,0,100,"Intervention"
"944","944",0,786,12,62544,0,0,100,"Intervention"
"945","945",2,678,12,62544,15.3746312684366,0,100,"Intervention"
"946","946",0,670,12,62544,0,0,100,"Intervention"
"947","947",0,746,12,62544,0,0,100,"Intervention"
"948","948",0,694,12,62544,0,0,100,"Intervention"
"949","949",0,726,12,62544,0,0,100,"Intervention"
"950","950",0,746,12,62544,0,0,100,"Intervention"
"951","951",0,778,12,62544,0,0,100,"Intervention"
"952","952",0,718,12,62544,0,0,100,"Intervention"
"953","953",0,668,12,62544,0,0,100,"Intervention"
"954","954",0,726,12,62544,0,0,100,"Intervention"
"955","955",0,810,12,62544,0,0,100,"Intervention"
"956","956",0,706,12,62544,0,0,100,"Intervention"
"957","957",0,712,12,62544,0,0,100,"Intervention"
"958","958",0,726,12,62544,0,0,100,"Intervention"
"959","959",2,730,12,62544,14.2794520547945,0,100,"Intervention"
"960","960",0,772,12,62544,0,0,100,"Intervention"
"961","961",0,730,12,62544,0,0,100,"Intervention"
"962","962",0,816,12,62544,0,0,100,"Intervention"
"963","963",0,730,12,62544,0,0,100,"Intervention"
"964","964",0,686,12,62544,0,0,100,"Intervention"
"965","965",0,702,12,62544,0,0,100,"Intervention"
"966","966",0,820,12,62544,0,0,100,"Intervention"
"967","967",0,750,12,62544,0,0,100,"Intervention"
"968","968",0,778,12,62544,0,0,100,"Intervention"
"969","969",0,772,12,62544,0,0,100,"Intervention"
"970","970",0,738,12,62544,0,0,100,"Intervention"
"971","971",0,768,12,62544,0,0,100,"Intervention"
"972","972",0,746,12,62544,0,0,100,"Intervention"
"973","973",0,786,12,62544,0,0,100,"Intervention"
"974","974",0,690,12,62544,0,0,100,"Intervention"
"975","975",0,754,12,62544,0,0,100,"Intervention"
"976","976",0,730,12,62544,0,0,100,"Intervention"
"977","977",0,766,12,62544,0,0,100,"Intervention"
"978","978",0,782,12,62544,0,0,100,"Intervention"
"979","979",0,708,12,62544,0,0,100,"Intervention"
"980","980",0,804,12,62544,0,0,100,"Intervention"
"981","981",0,814,12,62544,0,0,100,"Intervention"
"982","982",0,700,12,62544,0,0,100,"Intervention"
"983","983",0,784,12,62544,0,0,100,"Intervention"
"984","984",0,704,12,62544,0,0,100,"Intervention"
"985","985",0,698,12,62544,0,0,100,"Intervention"
"986","986",0,738,12,62544,0,0,100,"Intervention"
"987","987",0,728,12,62544,0,0,100,"Intervention"
"988","988",2,708,12,62544,14.7231638418079,0,100,"Intervention"
"989","989",0,728,12,62544,0,0,100,"Intervention"
"990","990",0,710,12,62544,0,0,100,"Intervention"
"991","991",0,802,12,62544,0,0,100,"Intervention"
"992","992",0,724,12,62544,0,0,100,"Intervention"
"993","993",0,708,12,62544,0,0,100,"Intervention"
"994","994",0,802,12,62544,0,0,100,"Intervention"
"995","995",0,740,12,62544,0,0,100,"Intervention"
"996","996",0,772,12,62544,0,0,100,"Intervention"
"997","997",0,758,12,62544,0,0,100,"Intervention"
"998","998",0,820,12,62544,0,0,100,"Intervention"
"999","999",0,812,12,62544,0,0,100,"Intervention"
"1000","1000",0,688,12,62544,0,0,100,"Intervention"
